id,name,localized_name,primary_attr,attack_type,roles/0,roles/1,roles/2,img,icon,base_health,base_health_regen,base_mana,base_mana_regen,base_armor,base_mr,base_attack_min,base_attack_max,base_str,base_agi,base_int,str_gain,agi_gain,int_gain,attack_range,projectile_speed,attack_rate,move_speed,turn_rate,cm_enabled,legs,pro_win,pro_pick,hero_id,pro_ban,1_pick,1_win,2_pick,2_win,3_pick,3_win,4_pick,4_win,5_pick,5_win,6_pick,6_win,7_pick,7_win,8_pick,8_win,null_pick,null_win,roles/3,roles/4,roles/5
1,npc_dota_hero_antimage,Anti-Mage,agi,Melee,Carry,Escape,Nuker,/apps/dota2/images/heroes/antimage_full.png?,/apps/dota2/images/heroes/antimage_icon.png,200,0.25,75,0,-1,25,29,33,23,24,12,1.3,3,1.8,150,0,1.4,310,0.5,true,2,69,147,1,728,16559,8497,38144,19971,57594,30081,60273,31606,41892,21889,19583,10123,8432,4264,2091,1020,2439281,0,,,
2,npc_dota_hero_axe,Axe,str,Melee,Initiator,Durable,Disabler,/apps/dota2/images/heroes/axe_full.png?,/apps/dota2/images/heroes/axe_icon.png,200,2.75,75,0,-1,25,27,31,25,20,18,3.4,2.2,1.6,150,900,1.7,310,0.6,true,2,41,99,2,96,15033,7617,33080,16727,47742,24016,48061,24338,31404,15965,13768,6953,5596,2781,1095,529,1974137,0,Jungler,,
3,npc_dota_hero_bane,Bane,int,Ranged,Support,Disabler,Nuker,/apps/dota2/images/heroes/bane_full.png?,/apps/dota2/images/heroes/bane_icon.png,200,,75,0,1,25,35,41,23,23,23,2.6,2.6,2.6,400,900,1.7,305,0.6,true,4,19,49,3,17,3093,1444,7055,3429,10814,5482,12473,6467,9473,4955,5242,2776,2843,1489,942,506,797986,0,Durable,,
4,npc_dota_hero_bloodseeker,Bloodseeker,agi,Melee,Carry,Disabler,Jungler,/apps/dota2/images/heroes/bloodseeker_full.png?,/apps/dota2/images/heroes/bloodseeker_icon.png,200,,75,0,2,25,33,39,24,22,18,2.7,3.4,1.7,150,900,1.7,300,0.5,true,2,113,215,4,283,11629,6158,17358,9016,20596,10720,19836,10484,13694,7277,6649,3544,3252,1732,984,501,1122286,0,Nuker,Initiator,
5,npc_dota_hero_crystal_maiden,Crystal Maiden,int,Ranged,Support,Disabler,Nuker,/apps/dota2/images/heroes/crystal_maiden_full.png?,/apps/dota2/images/heroes/crystal_maiden_icon.png,200,,75,1,-1,25,30,36,18,16,14,2.2,1.6,3.3,600,900,1.7,275,0.5,true,2,127,246,5,128,18630,9963,39192,20648,54277,28183,54583,28144,36129,18503,16227,8330,6820,3492,1676,907,2196928,0,Jungler,,
6,npc_dota_hero_drow_ranger,Drow Ranger,agi,Ranged,Carry,Disabler,Pusher,/apps/dota2/images/heroes/drow_ranger_full.png?,/apps/dota2/images/heroes/drow_ranger_icon.png,200,0.25,75,0,-1,25,29,40,18,20,15,1.9,2.9,1.4,625,1250,1.7,285,0.7,true,2,179,346,6,442,22129,11177,39807,20493,51608,26540,50819,26298,34680,17752,16824,8884,7129,3662,2007,1053,1806510,0,,,
7,npc_dota_hero_earthshaker,Earthshaker,str,Melee,Support,Initiator,Disabler,/apps/dota2/images/heroes/earthshaker_full.png?,/apps/dota2/images/heroes/earthshaker_icon.png,200,1,75,0,2,25,27,37,22,12,16,3.7,1.4,1.8,150,0,1.7,310,0.9,true,2,49,111,7,72,11334,5513,28522,13907,46890,22982,52510,25493,36499,17922,16070,7882,6175,3085,1214,615,2282830,0,Nuker,,
8,npc_dota_hero_juggernaut,Juggernaut,agi,Melee,Carry,Pusher,Escape,/apps/dota2/images/heroes/juggernaut_full.png?,/apps/dota2/images/heroes/juggernaut_icon.png,200,0.5,75,0,0,25,16,20,20,34,14,2.2,2.8,1.4,150,0,1.4,305,0.6,true,2,113,218,8,231,25550,12999,58101,29768,85981,44416,88189,45623,58271,30291,25098,12941,9384,4752,1658,802,3390829,0,,,
9,npc_dota_hero_mirana,Mirana,agi,Ranged,Carry,Support,Escape,/apps/dota2/images/heroes/mirana_full.png?,/apps/dota2/images/heroes/mirana_icon.png,200,,75,0.4,-1,25,27,32,18,18,22,2.2,3.7,1.9,630,900,1.7,290,0.5,true,2,175,308,9,194,10561,5393,29646,15267,51536,26885,57902,29997,40043,20864,18102,9464,7443,3960,2130,1119,2264899,0,Nuker,Disabler,
10,npc_dota_hero_morphling,Morphling,agi,Ranged,Carry,Escape,Durable,/apps/dota2/images/heroes/morphling_full.png?,/apps/dota2/images/heroes/morphling_icon.png,200,,75,0,-2,25,9,18,22,24,15,3,4.3,1.5,350,1300,1.5,280,0.6,true,0,111,215,10,468,8932,4473,21817,10713,33876,16282,37740,17872,27545,13021,13495,6399,6219,2897,1737,812,1563675,0,Nuker,Disabler,
11,npc_dota_hero_nevermore,Shadow Fiend,agi,Ranged,Carry,Nuker,,/apps/dota2/images/heroes/nevermore_full.png?,/apps/dota2/images/heroes/nevermore_icon.png,200,0.25,75,0.3,0,25,15,21,19,20,18,2.7,3.5,2.2,500,1200,1.7,305,1,true,0,45,91,11,240,12128,5982,29464,14662,48219,23980,54194,26887,38691,18951,17240,8548,6811,3263,1384,699,1900174,0,,,
12,npc_dota_hero_phantom_lancer,Phantom Lancer,agi,Melee,Carry,Escape,Pusher,/apps/dota2/images/heroes/phantom_lancer_full.png?,/apps/dota2/images/heroes/phantom_lancer_icon.png,200,1.5,75,0,0,25,22,44,19,26,19,2.2,3.2,2,150,900,1.7,290,0.6,true,2,27,56,12,291,9936,4869,18215,8587,22863,10826,20832,9521,13066,5957,5791,2719,2738,1339,854,390,1180976,0,Nuker,,
13,npc_dota_hero_puck,Puck,int,Ranged,Initiator,Disabler,Escape,/apps/dota2/images/heroes/puck_full.png?,/apps/dota2/images/heroes/puck_icon.png,200,0.5,75,0,-3,25,23,34,17,22,23,2.4,2.2,3.5,550,900,1.7,290,0.5,true,2,45,100,13,251,2935,1358,7755,3562,14350,6682,18468,8689,15371,7431,7954,3805,3782,1846,1124,538,856234,0,Nuker,,
14,npc_dota_hero_pudge,Pudge,str,Melee,Disabler,Initiator,Durable,/apps/dota2/images/heroes/pudge_full.png?,/apps/dota2/images/heroes/pudge_icon.png,200,1,75,0,-2,25,40,46,25,14,16,4,1.5,1.5,150,0,1.7,280,0.7,true,2,14,32,14,14,31837,16176,74925,37981,110727,55535,111817,55489,71924,34858,28907,13860,9133,4363,1139,497,4193929,0,Nuker,,
15,npc_dota_hero_razor,Razor,agi,Ranged,Carry,Durable,Nuker,/apps/dota2/images/heroes/razor_full.png?,/apps/dota2/images/heroes/razor_icon.png,200,,75,0,-1,25,23,25,22,22,21,2.6,2.1,1.8,475,2000,1.7,280,0.5,true,0,14,31,15,34,5019,2396,7808,3788,10199,5022,10005,5054,6383,3248,2734,1395,948,480,135,75,635299,0,Pusher,,
16,npc_dota_hero_sand_king,Sand King,str,Melee,Initiator,Disabler,Support,/apps/dota2/images/heroes/sand_king_full.png?,/apps/dota2/images/heroes/sand_king_icon.png,200,,75,0,-1,25,23,33,22,19,19,3,1.8,1.8,150,900,1.7,290,0.5,true,6,50,107,16,70,6208,3109,13806,6970,22398,11335,25919,12790,19203,9477,9378,4491,4246,2108,1088,553,1027226,0,Nuker,Escape,Jungler
17,npc_dota_hero_storm_spirit,Storm Spirit,int,Ranged,Carry,Escape,Nuker,/apps/dota2/images/heroes/storm_spirit_full.png?,/apps/dota2/images/heroes/storm_spirit_icon.png,200,,75,0,2,25,26,36,21,22,23,2,1.5,3.9,480,1100,1.7,285,0.8,true,2,89,160,17,455,8275,3873,21188,10087,35877,17471,40431,19831,30100,14913,14326,7078,6351,3227,1793,922,1544763,0,Initiator,Disabler,
18,npc_dota_hero_sven,Sven,str,Melee,Carry,Disabler,Initiator,/apps/dota2/images/heroes/sven_full.png?,/apps/dota2/images/heroes/sven_icon.png,200,,75,0,1,25,41,43,22,21,16,3.2,2,1.3,150,0,1.8,315,0.6,true,2,117,223,18,353,19904,10386,40965,21523,58187,30253,58589,30097,39097,20251,17416,8913,7197,3674,1755,923,1691878,0,Durable,Nuker,
19,npc_dota_hero_tiny,Tiny,str,Melee,Carry,Nuker,Pusher,/apps/dota2/images/heroes/tiny_full.png?,/apps/dota2/images/heroes/tiny_icon.png,200,,75,0,0,25,31,37,28,0,17,3.8,0,2.2,150,900,1.7,310,0.5,true,2,233,508,19,548,5958,2698,15751,6935,29503,13399,38829,18048,32667,15181,18271,8556,9610,4626,3582,1778,1296717,0,Initiator,Durable,Disabler
20,npc_dota_hero_vengefulspirit,Vengeful Spirit,agi,Ranged,Support,Initiator,Disabler,/apps/dota2/images/heroes/vengefulspirit_full.png?,/apps/dota2/images/heroes/vengefulspirit_icon.png,200,0.25,75,0,0,25,21,29,19,20,17,2.4,3.8,1.5,400,1500,1.7,290,0.6,true,2,181,343,20,307,5977,3061,13716,7260,20819,10834,22276,11640,16156,8351,7952,4210,3539,1836,1281,662,969370,0,Nuker,Escape,
21,npc_dota_hero_windrunner,Windranger,int,Ranged,Carry,Support,Disabler,/apps/dota2/images/heroes/windrunner_full.png?,/apps/dota2/images/heroes/windrunner_icon.png,200,,75,0,-1,25,24,36,18,17,18,3,1.4,3.6,600,1250,1.5,290,0.8,true,2,120,236,21,192,24590,12481,53009,27326,81154,41860,88210,45330,62050,31824,28629,14595,11985,5973,2903,1391,3081168,0,Escape,Nuker,
22,npc_dota_hero_zuus,Zeus,int,Ranged,Nuker,,,/apps/dota2/images/heroes/zuus_full.png?,/apps/dota2/images/heroes/zuus_icon.png,200,,75,0.25,1,25,33,41,21,11,22,2.1,1.2,3.3,380,1100,1.7,300,0.6,true,2,63,146,22,382,20055,11052,42211,23395,62189,34126,65866,36155,45888,24763,20396,10835,8266,4356,1839,906,2471064,0,,,
23,npc_dota_hero_kunkka,Kunkka,str,Melee,Carry,Support,Disabler,/apps/dota2/images/heroes/kunkka_full.png?,/apps/dota2/images/heroes/kunkka_icon.png,200,,75,0,1,25,26,36,24,14,18,3.8,1.3,1.5,150,900,1.7,300,0.6,true,2,60,133,23,285,8223,3786,19039,8824,29424,13833,30901,14447,19205,8912,7898,3650,2840,1277,699,338,1356172,0,Initiator,Durable,Nuker
25,npc_dota_hero_lina,Lina,int,Ranged,Support,Carry,Nuker,/apps/dota2/images/heroes/lina_full.png?,/apps/dota2/images/heroes/lina_icon.png,200,,75,0,1,25,19,31,20,23,30,2.4,1.8,3.7,670,1000,1.6,290,0.6,true,2,162,266,25,253,13554,6013,28426,13071,44099,20777,49862,23789,36879,17823,18049,8825,7835,3895,2049,984,1836902,0,Disabler,,
26,npc_dota_hero_lion,Lion,int,Ranged,Support,Disabler,Nuker,/apps/dota2/images/heroes/lion_full.png?,/apps/dota2/images/heroes/lion_icon.png,200,,75,0,-1,25,29,35,18,15,18,2.2,1.5,3.5,600,900,1.7,290,0.5,true,2,14,27,26,8,27309,13536,61849,30332,90506,44258,90254,43830,56365,27345,22094,10707,7241,3476,1017,492,3409077,0,Initiator,,
27,npc_dota_hero_shadow_shaman,Shadow Shaman,int,Ranged,Support,Pusher,Disabler,/apps/dota2/images/heroes/shadow_shaman_full.png?,/apps/dota2/images/heroes/shadow_shaman_icon.png,200,,75,0,2,25,52,59,23,16,19,2.3,1.6,3.5,400,900,1.7,285,0.5,true,2,47,110,27,68,13941,6896,27254,13572,37466,18953,35721,18203,22945,11658,9837,5012,3723,1971,653,316,1595739,0,Nuker,Initiator,
28,npc_dota_hero_slardar,Slardar,str,Melee,Carry,Durable,Initiator,/apps/dota2/images/heroes/slardar_full.png?,/apps/dota2/images/heroes/slardar_icon.png,200,0.5,75,0,3,25,30,38,21,17,15,3.6,2.4,1.5,150,0,1.7,300,0.5,true,0,118,245,28,305,11150,5687,26342,13671,39669,20504,42267,21919,29203,15394,13361,6867,5723,2956,1503,816,1495987,0,Disabler,Escape,
29,npc_dota_hero_tidehunter,Tidehunter,str,Melee,Initiator,Durable,Disabler,/apps/dota2/images/heroes/tidehunter_full.png?,/apps/dota2/images/heroes/tidehunter_icon.png,200,,75,0,0,25,25,31,25,15,18,3.5,1.5,1.7,150,900,1.7,300,0.5,true,2,67,119,29,183,6685,3496,17374,9215,27630,14420,28941,15181,18705,9679,7787,4004,3076,1595,659,314,1182926,0,Nuker,,
30,npc_dota_hero_witch_doctor,Witch Doctor,int,Ranged,Support,Nuker,Disabler,/apps/dota2/images/heroes/witch_doctor_full.png?,/apps/dota2/images/heroes/witch_doctor_icon.png,200,,75,0,0,25,29,39,18,13,22,2.3,1.4,3.3,600,1200,1.7,300,0.5,true,2,62,131,30,34,19596,9843,42111,21241,58426,29477,55869,27703,34792,17326,14463,6981,5133,2434,933,443,2355669,0,,,
31,npc_dota_hero_lich,Lich,int,Ranged,Support,Nuker,,/apps/dota2/images/heroes/lich_full.png?,/apps/dota2/images/heroes/lich_icon.png,200,,75,0.75,-1,25,24,33,20,15,24,2.1,2,4.1,550,900,1.7,295,0.5,true,2,34,109,31,57,10500,5225,22461,11375,34445,17550,39662,20290,29754,15275,15111,7677,7031,3440,1766,887,1622762,0,,,
32,npc_dota_hero_riki,Riki,agi,Melee,Carry,Escape,Disabler,/apps/dota2/images/heroes/riki_full.png?,/apps/dota2/images/heroes/riki_icon.png,200,3,75,0,3,25,41,45,18,18,14,2.4,1.4,1.3,150,900,1.7,320,0.6,true,2,36,74,32,91,10528,5384,19500,10087,24404,12727,23536,12232,14946,7708,6494,3232,2669,1376,599,306,1257252,0,,,
33,npc_dota_hero_enigma,Enigma,int,Ranged,Disabler,Jungler,Initiator,/apps/dota2/images/heroes/enigma_full.png?,/apps/dota2/images/heroes/enigma_icon.png,200,,75,0,2,25,24,30,21,14,19,2.5,1,3.6,500,900,1.7,290,0.5,true,0,10,25,33,34,3861,1966,9120,4671,13477,6877,13302,6773,7885,4026,3256,1657,1262,658,325,170,631703,0,Pusher,,
34,npc_dota_hero_tinker,Tinker,int,Ranged,Carry,Nuker,Pusher,/apps/dota2/images/heroes/tinker_full.png?,/apps/dota2/images/heroes/tinker_icon.png,200,,75,0.75,2,25,24,30,18,13,30,2.5,1.2,3.3,500,900,1.7,290,0.6,true,2,10,22,34,47,4827,2068,12759,5728,20934,9542,22460,10199,15192,7080,6843,3262,2787,1395,467,240,977893,0,,,
35,npc_dota_hero_sniper,Sniper,agi,Ranged,Carry,Nuker,,/apps/dota2/images/heroes/sniper_full.png?,/apps/dota2/images/heroes/sniper_icon.png,200,,75,0,-1,25,19,25,19,21,15,1.7,3.4,2.6,550,3000,1.7,285,0.7,true,2,8,10,35,6,29158,14051,52202,24471,62918,29572,51358,24032,25518,11818,7692,3551,1604,713,130,48,2977831,0,,,
36,npc_dota_hero_necrolyte,Necrophos,int,Ranged,Carry,Nuker,Durable,/apps/dota2/images/heroes/necrolyte_full.png?,/apps/dota2/images/heroes/necrolyte_icon.png,200,,75,0,1,25,26,30,18,12,21,2.6,1.3,2.7,500,900,1.7,280,0.5,true,2,26,49,36,83,9103,4754,20013,10359,28411,14826,28647,14963,18461,9629,7729,4061,2853,1488,553,276,1424581,0,Disabler,,
37,npc_dota_hero_warlock,Warlock,int,Ranged,Support,Initiator,Disabler,/apps/dota2/images/heroes/warlock_full.png?,/apps/dota2/images/heroes/warlock_icon.png,200,,75,0,1,25,24,34,26,10,25,3,1,3.1,600,1200,1.7,290,0.5,true,2,24,50,37,124,6156,3265,14153,7533,21387,11205,22892,11955,16101,8538,7268,3766,3434,1731,746,354,1036180,0,,,
38,npc_dota_hero_beastmaster,Beastmaster,str,Melee,Initiator,Disabler,Durable,/apps/dota2/images/heroes/beastmaster_full.png?,/apps/dota2/images/heroes/beastmaster_icon.png,200,,75,0,-1,25,37,41,23,18,16,2.9,1.6,1.9,150,0,1.7,305,0.5,true,2,110,185,38,398,1304,538,2902,1314,5086,2436,6312,2979,5332,2571,3116,1573,1780,918,777,400,521707,0,Nuker,,
39,npc_dota_hero_queenofpain,Queen of Pain,int,Ranged,Carry,Nuker,Escape,/apps/dota2/images/heroes/queenofpain_full.png?,/apps/dota2/images/heroes/queenofpain_icon.png,200,,75,0,0,25,20,28,18,22,25,2.3,2.5,3.4,550,1500,1.5,290,0.5,true,2,84,176,39,375,10681,4885,26132,12318,44674,20994,50426,24182,36896,17841,16951,8217,7038,3488,1669,815,2523970,0,,,
40,npc_dota_hero_venomancer,Venomancer,agi,Ranged,Support,Nuker,Initiator,/apps/dota2/images/heroes/venomancer_full.png?,/apps/dota2/images/heroes/venomancer_icon.png,200,,75,0,0,25,16,18,19,26,19,2.1,3.2,1.8,450,900,1.7,275,0.5,true,0,48,108,40,292,8120,4016,17827,8657,27831,13758,29374,14596,20557,10332,9549,4782,3963,2009,991,511,1399091,0,Pusher,Disabler,
41,npc_dota_hero_faceless_void,Faceless Void,agi,Melee,Carry,Initiator,Disabler,/apps/dota2/images/heroes/faceless_void_full.png?,/apps/dota2/images/heroes/faceless_void_icon.png,200,0.5,75,0,0,25,33,39,24,23,15,2.4,3,1.5,150,900,1.7,300,1,true,2,188,350,41,758,22920,11466,50945,25430,74640,37608,76426,38624,51777,26626,23584,12176,9951,5104,2713,1413,2621167,0,Escape,Durable,
42,npc_dota_hero_skeleton_king,Wraith King,str,Melee,Carry,Support,Durable,/apps/dota2/images/heroes/skeleton_king_full.png?,/apps/dota2/images/heroes/skeleton_king_icon.png,200,,75,0,-1,25,37,39,22,18,18,3,1.7,1.6,150,0,1.7,315,0.5,true,2,16,35,42,31,17702,9810,35448,19045,45539,23956,40590,20888,23141,11641,8232,4043,2323,1098,274,138,2242443,0,Disabler,Initiator,
43,npc_dota_hero_death_prophet,Death Prophet,int,Ranged,Carry,Pusher,Nuker,/apps/dota2/images/heroes/death_prophet_full.png?,/apps/dota2/images/heroes/death_prophet_icon.png,200,,75,0,1,25,27,39,19,14,24,3.1,1.4,3.5,600,1000,1.7,310,0.5,true,2,56,116,43,359,4174,1971,7435,3580,9423,4498,9750,4777,6318,3099,2905,1439,1469,754,423,223,531236,0,Disabler,,
44,npc_dota_hero_phantom_assassin,Phantom Assassin,agi,Melee,Carry,Escape,,/apps/dota2/images/heroes/phantom_assassin_full.png?,/apps/dota2/images/heroes/phantom_assassin_icon.png,200,0.25,75,0,1,25,27,29,21,23,15,2.2,3.4,1.4,150,900,1.7,305,0.6,true,2,101,201,44,294,27026,13656,55175,27410,77480,38116,77524,38232,50513,24555,22511,10877,9712,4744,2577,1230,2869135,0,,,
45,npc_dota_hero_pugna,Pugna,int,Ranged,Nuker,Pusher,,/apps/dota2/images/heroes/pugna_full.png?,/apps/dota2/images/heroes/pugna_icon.png,200,,75,0.5,0,25,19,27,19,24,24,2,1.3,5.2,630,900,1.7,330,0.5,true,2,87,177,45,223,7332,3419,15466,7464,23372,11429,26094,12799,18945,9429,9173,4631,4153,2138,1167,586,1094523,0,,,
46,npc_dota_hero_templar_assassin,Templar Assassin,agi,Ranged,Carry,Escape,,/apps/dota2/images/heroes/templar_assassin_full.png?,/apps/dota2/images/heroes/templar_assassin_icon.png,200,0.25,75,0,1,25,30,36,19,23,20,2.4,3.2,2,140,900,1.7,305,0.7,true,2,82,164,46,381,4908,2141,10419,4567,16086,7338,18042,8532,13797,6621,7144,3533,3520,1781,993,523,925003,0,,,
47,npc_dota_hero_viper,Viper,agi,Ranged,Carry,Durable,Initiator,/apps/dota2/images/heroes/viper_full.png?,/apps/dota2/images/heroes/viper_icon.png,200,,75,0,-2,25,25,27,21,21,15,2.4,2.5,1.8,575,1200,1.7,275,0.5,true,0,56,119,47,282,15164,7404,25104,12268,32848,16183,30641,15472,18569,9363,7769,3925,3038,1486,631,319,1410825,0,Disabler,,
48,npc_dota_hero_luna,Luna,agi,Ranged,Carry,Nuker,Pusher,/apps/dota2/images/heroes/luna_full.png?,/apps/dota2/images/heroes/luna_icon.png,200,0.5,75,0,0,25,29,35,21,18,23,2.2,3.4,1.9,330,900,1.7,325,0.6,true,2,32,52,48,24,11300,5783,20520,10511,26813,13627,24378,12359,15275,7680,6120,2995,2091,1087,345,171,1298995,0,,,
49,npc_dota_hero_dragon_knight,Dragon Knight,str,Melee,Carry,Pusher,Durable,/apps/dota2/images/heroes/dragon_knight_full.png?,/apps/dota2/images/heroes/dragon_knight_icon.png,200,,75,0,0,25,31,37,19,19,18,3.4,2,1.7,150,900,1.7,310,0.6,true,2,42,78,49,37,8704,4351,17049,8613,22155,11064,19442,9564,10913,5419,4139,2035,1435,688,280,130,1169850,0,Disabler,Initiator,Nuker
50,npc_dota_hero_dazzle,Dazzle,int,Ranged,Support,Nuker,Disabler,/apps/dota2/images/heroes/dazzle_full.png?,/apps/dota2/images/heroes/dazzle_icon.png,200,,75,0,-1,25,22,28,18,21,25,2.5,1.7,3.7,550,1200,1.7,305,0.6,true,2,15,34,50,27,9483,4788,22612,11486,32127,16029,29935,14860,17509,8579,6599,3224,1956,915,271,130,1341342,0,,,
51,npc_dota_hero_rattletrap,Clockwerk,str,Melee,Initiator,Disabler,Durable,/apps/dota2/images/heroes/rattletrap_full.png?,/apps/dota2/images/heroes/rattletrap_icon.png,200,,75,0,0,25,24,26,26,13,18,3.5,2.3,1.5,150,900,1.7,315,0.6,true,2,171,345,51,302,4919,2543,14788,7635,26914,13940,32210,16549,24897,12900,12429,6547,5710,2942,1701,914,1240332,0,Nuker,,
52,npc_dota_hero_leshrac,Leshrac,int,Ranged,Carry,Support,Nuker,/apps/dota2/images/heroes/leshrac_full.png?,/apps/dota2/images/heroes/leshrac_icon.png,200,,75,0,0,25,19,23,18,23,22,2.3,2.8,3.5,600,900,1.7,325,0.5,true,4,113,213,52,141,2561,1213,5547,2608,8977,4295,11338,5561,9411,4844,5268,2700,2731,1439,992,544,401278,0,Pusher,Disabler,
53,npc_dota_hero_furion,Nature's Prophet,int,Ranged,Carry,Jungler,Pusher,/apps/dota2/images/heroes/furion_full.png?,/apps/dota2/images/heroes/furion_icon.png,200,,75,0,2,25,27,37,21,22,23,2.6,3.6,3.7,600,1125,1.7,290,0.6,true,2,139,267,53,185,11910,5354,20749,8937,25037,10763,22990,9846,14014,5956,5995,2589,2477,1199,899,431,1523647,0,Escape,Nuker,
54,npc_dota_hero_life_stealer,Lifestealer,str,Melee,Carry,Durable,Jungler,/apps/dota2/images/heroes/life_stealer_full.png?,/apps/dota2/images/heroes/life_stealer_icon.png,200,,75,0,1,25,17,27,25,18,15,2.4,2.4,1.8,150,900,1.7,325,1,true,2,103,201,54,371,10859,5361,23961,11844,32950,15944,32431,15761,21766,10603,9873,4839,4139,1998,1179,584,1280198,0,Escape,Disabler,
55,npc_dota_hero_dark_seer,Dark Seer,int,Melee,Initiator,Jungler,Escape,/apps/dota2/images/heroes/dark_seer_full.png?,/apps/dota2/images/heroes/dark_seer_icon.png,200,,75,0,3,25,33,39,20,12,21,3.1,1.8,3.1,150,900,1.7,295,0.6,true,2,36,67,55,147,2433,1293,5391,2861,7577,3936,7899,4108,5502,2872,2513,1317,1196,603,334,177,425061,0,Disabler,,
56,npc_dota_hero_clinkz,Clinkz,agi,Ranged,Carry,Escape,Pusher,/apps/dota2/images/heroes/clinkz_full.png?,/apps/dota2/images/heroes/clinkz_icon.png,200,0.25,75,0.25,0,25,15,21,14,22,18,2.2,2.7,1.7,625,900,1.7,290,0.5,true,2,10,24,56,22,12206,6716,22639,12566,29151,16426,28553,16361,20211,11621,9933,5699,4153,2320,595,302,1276908,0,,,
57,npc_dota_hero_omniknight,Omniknight,str,Melee,Support,Durable,Nuker,/apps/dota2/images/heroes/omniknight_full.png?,/apps/dota2/images/heroes/omniknight_icon.png,200,,75,0,1,25,31,41,22,15,15,3.4,1.8,1.8,150,900,1.7,300,0.6,true,2,47,75,57,79,3072,1609,6465,3411,8683,4485,8229,4367,5026,2661,2065,1084,824,423,195,105,404990,0,,,
58,npc_dota_hero_enchantress,Enchantress,int,Ranged,Support,Jungler,Pusher,/apps/dota2/images/heroes/enchantress_full.png?,/apps/dota2/images/heroes/enchantress_icon.png,200,,75,0,1,25,23,33,17,19,22,1.7,1.8,3.6,575,900,1.7,320,0.5,true,4,77,141,58,289,4739,2059,6973,2951,8414,3671,7721,3390,5036,2248,2455,1073,1359,633,687,345,599673,0,Durable,Disabler,
59,npc_dota_hero_huskar,Huskar,str,Ranged,Carry,Durable,Initiator,/apps/dota2/images/heroes/huskar_full.png?,/apps/dota2/images/heroes/huskar_icon.png,200,,75,0,-1,25,19,24,21,15,18,3.2,1.4,1.5,400,1400,1.6,290,0.5,true,2,4,10,59,25,9379,4454,13864,6502,16081,7629,13763,6589,7938,3917,3330,1662,1202,562,195,101,821934,0,,,
60,npc_dota_hero_night_stalker,Night Stalker,str,Melee,Carry,Initiator,Durable,/apps/dota2/images/heroes/night_stalker_full.png?,/apps/dota2/images/heroes/night_stalker_icon.png,200,2.25,75,0,2,25,38,42,23,18,15,3,2.3,1.6,150,900,1.7,295,0.5,true,2,49,110,60,114,4404,2115,11199,5736,18860,9952,21866,11605,16659,8968,8524,4632,4216,2293,1037,555,883205,0,Disabler,Nuker,
61,npc_dota_hero_broodmother,Broodmother,agi,Melee,Carry,Pusher,Escape,/apps/dota2/images/heroes/broodmother_full.png?,/apps/dota2/images/heroes/broodmother_icon.png,200,,75,0,0,25,29,35,18,15,18,2.8,2.8,2,150,900,1.7,275,0.5,true,8,7,18,61,60,2448,1132,4522,2244,5624,2870,5780,3051,4325,2288,2402,1340,1324,760,342,195,344358,0,Nuker,,
62,npc_dota_hero_bounty_hunter,Bounty Hunter,agi,Melee,Escape,Nuker,,/apps/dota2/images/heroes/bounty_hunter_full.png?,/apps/dota2/images/heroes/bounty_hunter_icon.png,200,1.25,75,0,4,25,27,41,20,21,19,2.5,2.6,2,150,900,1.7,315,0.6,true,2,8,16,62,24,11880,5777,19843,9697,25351,12595,26086,13163,17922,9100,7798,3964,3055,1625,594,304,1384305,0,,,
63,npc_dota_hero_weaver,Weaver,agi,Ranged,Carry,Escape,,/apps/dota2/images/heroes/weaver_full.png?,/apps/dota2/images/heroes/weaver_icon.png,200,1,75,0.75,0,25,36,46,16,14,16,2,3.1,2,425,900,1.8,275,0.5,true,4,11,31,63,19,11617,5707,19587,9634,23833,11719,21590,10691,13026,6542,5350,2677,1959,982,388,174,1149333,0,,,
64,npc_dota_hero_jakiro,Jakiro,int,Ranged,Support,Nuker,Pusher,/apps/dota2/images/heroes/jakiro_full.png?,/apps/dota2/images/heroes/jakiro_icon.png,200,,75,0,1,25,27,35,27,10,26,3,1.2,3.2,400,1100,1.7,290,0.5,true,2,68,140,64,155,8386,4302,21476,11032,35714,18261,40642,20762,29762,14910,14079,7069,6020,2991,1297,616,1908880,0,Disabler,,
65,npc_dota_hero_batrider,Batrider,int,Ranged,Initiator,Jungler,Disabler,/apps/dota2/images/heroes/batrider_full.png?,/apps/dota2/images/heroes/batrider_icon.png,200,1.75,75,0,0,25,16,20,28,15,22,2.9,1.5,2.9,375,900,1.7,290,1,true,2,76,139,65,629,1562,683,3919,1669,6242,2706,7434,3382,5682,2548,3297,1546,1802,842,1003,512,436984,0,Escape,,
66,npc_dota_hero_chen,Chen,int,Ranged,Support,Jungler,Pusher,/apps/dota2/images/heroes/chen_full.png?,/apps/dota2/images/heroes/chen_icon.png,200,,75,0,-1,25,25,35,25,15,19,2,2.1,3.2,650,1100,1.7,300,0.6,true,2,50,84,66,126,710,322,1370,628,2236,1049,2502,1149,1981,912,1232,581,636,334,295,169,179206,0,,,
67,npc_dota_hero_spectre,Spectre,agi,Melee,Carry,Durable,Escape,/apps/dota2/images/heroes/spectre_full.png?,/apps/dota2/images/heroes/spectre_icon.png,200,2.5,75,0,0,25,23,27,23,23,16,2.5,2.1,1.9,150,900,1.7,290,0.5,true,0,100,220,67,514,14342,8149,36028,19981,55763,30655,60348,32693,42669,22923,20362,10679,8798,4649,2271,1193,2068543,0,,,
68,npc_dota_hero_ancient_apparition,Ancient Apparition,int,Ranged,Support,Disabler,Nuker,/apps/dota2/images/heroes/ancient_apparition_full.png?,/apps/dota2/images/heroes/ancient_apparition_icon.png,200,,75,0,-1,25,21,31,20,20,23,1.9,2.2,3.4,675,1250,1.7,285,0.6,true,2,39,73,68,124,5706,2848,15970,8269,26522,13744,28773,14844,19464,9975,8341,4219,3018,1541,698,361,1230321,0,,,
69,npc_dota_hero_doom_bringer,Doom,str,Melee,Carry,Disabler,Initiator,/apps/dota2/images/heroes/doom_bringer_full.png?,/apps/dota2/images/heroes/doom_bringer_icon.png,200,,75,0,-1,25,30,46,24,11,15,3.7,0.9,2.1,175,900,2,285,0.5,true,2,111,215,69,433,4483,2013,11250,5249,19329,8915,23033,10910,18229,8565,9292,4531,4186,1991,1292,652,940573,0,Durable,Nuker,
70,npc_dota_hero_ursa,Ursa,agi,Melee,Carry,Jungler,Durable,/apps/dota2/images/heroes/ursa_full.png?,/apps/dota2/images/heroes/ursa_icon.png,200,0.5,75,0,1,25,24,28,24,18,16,2.6,2.4,1.5,150,900,1.7,310,0.5,true,2,33,70,70,86,8192,3980,16917,8240,25148,12332,26371,12942,17687,8596,7521,3522,2772,1277,438,210,1703885,0,Disabler,,
71,npc_dota_hero_spirit_breaker,Spirit Breaker,str,Melee,Carry,Initiator,Disabler,/apps/dota2/images/heroes/spirit_breaker_full.png?,/apps/dota2/images/heroes/spirit_breaker_icon.png,200,1.25,75,0,2,25,31,41,29,17,14,3.1,1.7,1.8,150,900,1.9,290,0.5,true,2,31,55,71,20,13530,6899,25791,13220,33228,16905,31008,15731,19589,9834,8370,4194,3310,1666,757,391,1335141,0,Durable,Escape,
72,npc_dota_hero_gyrocopter,Gyrocopter,agi,Ranged,Carry,Nuker,Disabler,/apps/dota2/images/heroes/gyrocopter_full.png?,/apps/dota2/images/heroes/gyrocopter_icon.png,200,,75,0,2,25,21,31,22,19,19,2.5,3.6,2.1,365,3000,1.7,315,0.6,true,2,17,38,72,29,5438,2614,10311,4873,14513,6699,13236,6028,8024,3593,3084,1365,1058,464,228,122,717358,0,,,
73,npc_dota_hero_alchemist,Alchemist,str,Melee,Carry,Support,Durable,/apps/dota2/images/heroes/alchemist_full.png?,/apps/dota2/images/heroes/alchemist_icon.png,200,,75,0,-1,25,24,33,25,22,25,2.7,1.5,1.8,150,900,1.7,305,0.6,true,2,24,40,73,22,6276,3029,14132,6783,20057,10043,19499,9923,12211,6157,4903,2477,1849,927,337,174,1014680,0,Disabler,Initiator,Nuker
74,npc_dota_hero_invoker,Invoker,int,Ranged,Carry,Nuker,Disabler,/apps/dota2/images/heroes/invoker_full.png?,/apps/dota2/images/heroes/invoker_icon.png,200,,75,0,0,25,27,33,18,14,15,2.4,1.9,4.6,600,900,1.7,280,0.5,true,2,89,164,74,332,15919,7498,42347,20246,71624,35142,80809,40068,56743,28488,25639,13038,10054,5235,1995,1040,2644602,0,Escape,Pusher,
75,npc_dota_hero_silencer,Silencer,int,Ranged,Carry,Support,Disabler,/apps/dota2/images/heroes/silencer_full.png?,/apps/dota2/images/heroes/silencer_icon.png,200,,75,0,-1,25,18,32,19,22,25,2.7,2.4,2.9,600,900,1.7,290,0.6,true,2,38,89,75,35,11373,5775,25551,12878,35884,18125,35644,18060,22392,11373,9054,4552,3139,1550,597,265,1326837,0,Initiator,Nuker,
76,npc_dota_hero_obsidian_destroyer,Outworld Devourer,int,Ranged,Carry,Nuker,Disabler,/apps/dota2/images/heroes/obsidian_destroyer_full.png?,/apps/dota2/images/heroes/obsidian_destroyer_icon.png,200,,75,0,1.5,25,16,31,21,24,30,2.9,2,4.2,450,900,1.9,310,0.5,true,4,22,53,76,277,3176,1439,7402,3375,12690,6035,15326,7201,12002,5691,5980,2809,2412,1097,503,229,641237,0,,,
77,npc_dota_hero_lycan,Lycan,str,Melee,Carry,Pusher,Jungler,/apps/dota2/images/heroes/lycan_full.png?,/apps/dota2/images/heroes/lycan_icon.png,200,,75,0,-1,25,24,29,26,16,23,3.4,1,1.4,150,900,1.7,305,0.5,true,2,21,36,77,35,1746,694,3101,1247,3804,1597,3456,1523,2369,1118,1150,587,537,265,211,123,363311,0,Durable,Escape,
78,npc_dota_hero_brewmaster,Brewmaster,str,Melee,Carry,Initiator,Durable,/apps/dota2/images/heroes/brewmaster_full.png?,/apps/dota2/images/heroes/brewmaster_icon.png,200,0.5,75,0,-1,25,29,36,23,22,15,3.7,2,1.6,150,900,1.7,305,0.6,true,2,15,26,78,30,1404,661,2963,1437,4509,2187,5159,2542,4138,2037,2281,1119,1078,512,288,144,313642,0,Disabler,Nuker,
79,npc_dota_hero_shadow_demon,Shadow Demon,int,Ranged,Support,Disabler,Initiator,/apps/dota2/images/heroes/shadow_demon_full.png?,/apps/dota2/images/heroes/shadow_demon_icon.png,200,,75,0,0,25,29,33,23,18,21,2.6,2.2,3.3,500,900,1.7,290,0.6,true,2,62,127,79,112,2317,1058,5603,2557,9584,4393,11435,5375,8788,4228,4365,2084,1892,939,494,236,583963,0,Nuker,,
80,npc_dota_hero_lone_druid,Lone Druid,agi,Ranged,Carry,Pusher,Jungler,/apps/dota2/images/heroes/lone_druid_full.png?,/apps/dota2/images/heroes/lone_druid_icon.png,200,0.25,75,0,-2,25,18,22,18,20,13,2.7,2.8,1.4,550,900,1.7,325,0.5,true,2,13,23,80,137,3062,1485,6347,3173,8874,4387,9117,4531,6277,3083,2824,1408,1115,568,203,99,666616,0,Durable,,
81,npc_dota_hero_chaos_knight,Chaos Knight,str,Melee,Carry,Disabler,Durable,/apps/dota2/images/heroes/chaos_knight_full.png?,/apps/dota2/images/heroes/chaos_knight_icon.png,200,,75,0,1,25,29,59,22,14,18,3.4,1.4,1.2,150,900,1.7,320,0.5,true,2,37,74,81,76,9637,4963,16941,8697,20604,10569,18613,9650,12200,6354,5874,3080,2887,1504,1059,562,711260,0,Pusher,Initiator,
82,npc_dota_hero_meepo,Meepo,agi,Melee,Carry,Escape,Nuker,/apps/dota2/images/heroes/meepo_full.png?,/apps/dota2/images/heroes/meepo_icon.png,200,0.25,75,0,4,25,29,35,24,17,20,1.8,1.8,1.6,150,900,1.7,330,0.65,true,2,4,7,82,24,3105,1516,5540,2727,7176,3455,7096,3366,4545,2167,2112,1032,845,429,130,63,387577,0,Disabler,Initiator,Pusher
83,npc_dota_hero_treant,Treant Protector,str,Melee,Support,Initiator,Durable,/apps/dota2/images/heroes/treant_full.png?,/apps/dota2/images/heroes/treant_icon.png,200,,75,0.5,-1,25,62,70,25,15,20,3.4,2,1.8,150,900,1.9,280,0.5,true,2,91,181,83,117,6521,3336,15570,8146,24119,12609,26316,13568,19292,9944,9526,4833,4259,2200,1158,588,1020058,0,Disabler,Escape,
84,npc_dota_hero_ogre_magi,Ogre Magi,int,Melee,Support,Nuker,Disabler,/apps/dota2/images/heroes/ogre_magi_full.png?,/apps/dota2/images/heroes/ogre_magi_icon.png,200,3.25,75,0,5,25,39,45,23,14,15,3.5,1.9,2.5,150,900,1.7,290,0.6,true,2,124,251,84,85,26319,14418,60585,32534,88099,46986,86657,46373,53944,28758,22348,11768,8113,4251,1454,738,3336250,0,Durable,Initiator,
85,npc_dota_hero_undying,Undying,str,Melee,Support,Durable,Disabler,/apps/dota2/images/heroes/undying_full.png?,/apps/dota2/images/heroes/undying_icon.png,200,,75,0,1,25,35,43,22,10,27,2.8,0.8,2.8,150,900,1.7,300,0.6,true,2,107,214,85,136,9108,4772,18445,9754,24851,12997,24869,12953,16909,8750,8157,4214,3953,2049,1316,694,941520,0,Nuker,,
86,npc_dota_hero_rubick,Rubick,int,Ranged,Support,Disabler,Nuker,/apps/dota2/images/heroes/rubick_full.png?,/apps/dota2/images/heroes/rubick_icon.png,200,,75,0,0,25,22,32,21,23,25,2,2.5,3.1,550,1125,1.7,290,0.7,true,2,228,472,86,253,9747,4420,27591,12723,50345,23467,62801,29570,48778,23082,23985,11570,10492,4978,2903,1358,2344629,0,,,
87,npc_dota_hero_disruptor,Disruptor,int,Ranged,Support,Disabler,Nuker,/apps/dota2/images/heroes/disruptor_full.png?,/apps/dota2/images/heroes/disruptor_icon.png,200,,75,0,0,25,29,33,21,15,20,2.4,1.4,2.9,625,1200,1.7,295,0.5,true,2,71,134,87,51,7386,3613,19752,10008,32977,16411,37539,18526,27402,13706,13228,6631,5850,2802,1269,603,1536046,0,Initiator,,
88,npc_dota_hero_nyx_assassin,Nyx Assassin,agi,Melee,Disabler,Nuker,Initiator,/apps/dota2/images/heroes/nyx_assassin_full.png?,/apps/dota2/images/heroes/nyx_assassin_icon.png,200,2.5,75,0,1,25,27,31,18,19,18,2.5,2.5,2.1,150,900,1.7,315,0.5,true,6,57,105,88,147,3641,1778,8610,4168,13358,6641,15490,7886,11509,5797,5335,2707,2057,1065,509,275,717403,0,Escape,,
89,npc_dota_hero_naga_siren,Naga Siren,agi,Melee,Carry,Support,Pusher,/apps/dota2/images/heroes/naga_siren_full.png?,/apps/dota2/images/heroes/naga_siren_icon.png,200,1.5,75,0,3,25,23,25,22,21,21,2.8,3.5,2,150,900,1.7,320,0.5,true,0,11,22,89,89,3485,1741,5961,2948,7042,3465,6247,3038,3971,1946,1813,923,783,399,246,132,450644,0,Disabler,Initiator,Escape
90,npc_dota_hero_keeper_of_the_light,Keeper of the Light,int,Ranged,Support,Nuker,Disabler,/apps/dota2/images/heroes/keeper_of_the_light_full.png?,/apps/dota2/images/heroes/keeper_of_the_light_icon.png,200,,75,0,-1,25,18,25,16,15,23,2.3,1.6,3.2,600,900,1.7,330,0.5,true,2,19,42,90,11,4800,2272,10551,4953,15320,7153,15320,7183,9475,4390,3795,1757,1450,668,312,149,1027168,0,Jungler,,
91,npc_dota_hero_wisp,Io,str,Ranged,Support,Escape,Nuker,/apps/dota2/images/heroes/wisp_full.png?,/apps/dota2/images/heroes/wisp_icon.png,200,,75,0,1,25,22,31,17,14,23,3,1.6,1.7,500,1200,1.7,280,0.7,true,0,77,140,91,272,2927,1390,6571,3113,10213,4737,11273,5250,8148,3843,4183,2006,2105,1018,839,437,490457,0,,,
92,npc_dota_hero_visage,Visage,int,Ranged,Support,Nuker,Durable,/apps/dota2/images/heroes/visage_full.png?,/apps/dota2/images/heroes/visage_icon.png,200,,75,0,-2,25,23,33,22,11,22,2.8,1.3,2.9,600,900,1.7,285,0.5,true,2,9,19,92,24,917,416,1695,804,2443,1208,2888,1430,2236,1124,1278,689,724,383,262,155,206909,0,Disabler,Pusher,
93,npc_dota_hero_slark,Slark,agi,Melee,Carry,Escape,Disabler,/apps/dota2/images/heroes/slark_full.png?,/apps/dota2/images/heroes/slark_icon.png,200,1.75,75,0,0,25,32,40,21,21,16,1.9,1.7,1.7,150,0,1.7,300,0.7,true,2,33,77,93,311,16911,8486,38869,19421,55618,27239,55430,27018,35410,17027,14898,7053,5305,2564,900,437,2558959,0,Nuker,,
94,npc_dota_hero_medusa,Medusa,agi,Ranged,Carry,Disabler,Durable,/apps/dota2/images/heroes/medusa_full.png?,/apps/dota2/images/heroes/medusa_icon.png,200,,75,0,-1,25,24,30,15,22,19,1.5,3.6,4,600,1200,1.7,275,0.5,true,0,14,24,94,27,11317,5942,22445,11669,27804,14236,22089,10949,10707,5220,3343,1620,913,423,166,78,1212538,0,,,
95,npc_dota_hero_troll_warlord,Troll Warlord,agi,Ranged,Carry,Pusher,Disabler,/apps/dota2/images/heroes/troll_warlord_full.png?,/apps/dota2/images/heroes/troll_warlord_icon.png,200,0.25,75,0,-1,25,27,35,21,21,13,2.5,3.3,1,500,1200,1.7,290,0.5,true,2,90,202,95,288,11134,5851,18412,9465,23096,11666,21294,10560,13763,6951,6327,3169,2599,1329,591,299,1187764,0,Durable,,
96,npc_dota_hero_centaur,Centaur Warrunner,str,Melee,Durable,Initiator,Disabler,/apps/dota2/images/heroes/centaur_full.png?,/apps/dota2/images/heroes/centaur_icon.png,200,,75,0,0,25,36,38,27,15,15,4.6,1,1.6,150,900,1.7,300,0.5,true,4,47,91,96,82,4863,2513,12137,6110,18721,9492,19999,9935,12945,6441,5856,2890,2361,1146,554,258,925751,0,Nuker,Escape,
97,npc_dota_hero_magnataur,Magnus,str,Melee,Initiator,Disabler,Nuker,/apps/dota2/images/heroes/magnataur_full.png?,/apps/dota2/images/heroes/magnataur_icon.png,200,0.5,75,0,1,25,32,40,25,15,19,3.5,2.5,1.7,150,900,1.8,305,0.8,true,4,146,278,97,713,4027,1899,14227,6729,29722,14347,39571,19501,31395,15454,16452,8180,7743,3957,2518,1305,1125703,0,Escape,,
98,npc_dota_hero_shredder,Timbersaw,str,Melee,Nuker,Durable,Escape,/apps/dota2/images/heroes/shredder_full.png?,/apps/dota2/images/heroes/shredder_icon.png,200,,75,0.25,-1,25,26,30,23,16,23,3.2,1.6,2.7,150,900,1.7,290,0.6,true,2,84,160,98,424,4971,2294,11549,5277,17693,8284,19280,9049,13396,6362,6510,3225,3252,1558,1110,548,882521,0,,,
99,npc_dota_hero_bristleback,Bristleback,str,Melee,Carry,Durable,Initiator,/apps/dota2/images/heroes/bristleback_full.png?,/apps/dota2/images/heroes/bristleback_icon.png,200,,75,0,1,25,25,35,22,17,14,2.9,1.8,2.8,150,900,1.8,290,1,true,2,8,22,99,18,18629,9612,33293,16187,40810,19691,33866,15966,18392,8651,6493,2990,1878,838,219,88,1846405,0,Nuker,,
100,npc_dota_hero_tusk,Tusk,str,Melee,Initiator,Disabler,Nuker,/apps/dota2/images/heroes/tusk_full.png?,/apps/dota2/images/heroes/tusk_icon.png,200,1,75,0,0,25,27,31,23,23,18,3.9,2.1,1.7,150,900,1.7,315,0.7,true,2,119,253,100,168,5921,2741,14627,7023,24148,11710,26977,13149,19921,9801,9802,4854,4544,2337,1346,672,1102605,0,,,
101,npc_dota_hero_skywrath_mage,Skywrath Mage,int,Ranged,Support,Nuker,Disabler,/apps/dota2/images/heroes/skywrath_mage_full.png?,/apps/dota2/images/heroes/skywrath_mage_icon.png,200,,75,0,-2,25,14,24,21,13,25,2,0.8,4.1,625,1000,1.7,325,0.5,true,2,52,112,101,35,13868,7111,26975,13747,35616,17941,34769,17661,22863,11472,10569,5246,4623,2251,1031,488,1491172,0,,,
102,npc_dota_hero_abaddon,Abaddon,str,Melee,Support,Carry,Durable,/apps/dota2/images/heroes/abaddon_full.png?,/apps/dota2/images/heroes/abaddon_icon.png,200,,75,0,-1,25,28,38,23,23,18,3,1.5,2,150,900,1.7,325,0.5,true,2,32,60,102,37,5287,2814,11313,5935,15161,7801,14937,7648,9272,4690,4159,2073,1536,757,306,159,715243,0,,,
103,npc_dota_hero_elder_titan,Elder Titan,str,Melee,Initiator,Disabler,Nuker,/apps/dota2/images/heroes/elder_titan_full.png?,/apps/dota2/images/heroes/elder_titan_icon.png,200,,75,0,0,25,23,33,24,14,23,3,1.8,1.6,150,900,1.7,310,0.5,true,2,71,130,103,91,1960,992,4470,2230,6872,3383,7680,3847,5663,2867,3120,1589,1621,853,633,325,369179,0,Durable,,
104,npc_dota_hero_legion_commander,Legion Commander,str,Melee,Carry,Disabler,Initiator,/apps/dota2/images/heroes/legion_commander_full.png?,/apps/dota2/images/heroes/legion_commander_icon.png,200,,75,0,0,25,35,39,26,18,20,3.3,1.7,2.2,150,900,1.7,330,0.5,true,2,73,158,104,212,22685,11635,45842,23148,62873,31680,61944,30941,39887,19924,18025,8949,7266,3618,1649,806,2498192,0,Durable,Nuker,
105,npc_dota_hero_techies,Techies,int,Ranged,Nuker,Disabler,,/apps/dota2/images/heroes/techies_full.png?,/apps/dota2/images/heroes/techies_icon.png,200,,75,1,5,25,9,11,19,14,25,2.5,1.3,3.3,700,900,1.7,310,0.5,true,6,20,32,105,59,10430,5321,22104,11142,31986,15903,31832,15639,20588,10092,8830,4315,3210,1598,720,315,1331532,0,,,
106,npc_dota_hero_ember_spirit,Ember Spirit,agi,Melee,Carry,Escape,Nuker,/apps/dota2/images/heroes/ember_spirit_full.png?,/apps/dota2/images/heroes/ember_spirit_icon.png,200,0.5,75,0,-1,25,33,37,21,22,20,2.6,2.6,1.8,150,900,1.7,305,0.5,true,2,132,266,106,527,5886,2555,16290,7188,29503,13247,36017,16529,26369,12143,12823,5836,5664,2611,1803,868,1676665,0,Disabler,Initiator,
107,npc_dota_hero_earth_spirit,Earth Spirit,str,Melee,Nuker,Escape,Disabler,/apps/dota2/images/heroes/earth_spirit_full.png?,/apps/dota2/images/heroes/earth_spirit_icon.png,200,,75,0,0,25,25,35,21,17,20,4.4,2.4,2.1,150,900,1.7,290,0.6,true,2,132,262,107,163,2547,1208,7582,3611,14259,6816,18725,9084,15592,7705,8426,4261,4033,2010,1615,845,712370,0,Initiator,Durable,
108,npc_dota_hero_abyssal_underlord,Underlord,str,Melee,Support,Nuker,Disabler,/apps/dota2/images/heroes/abyssal_underlord_full.png?,/apps/dota2/images/heroes/abyssal_underlord_icon.png,200,,75,0,3,25,37,43,25,12,17,3,1.6,2.3,150,900,1.7,295,0.6,true,2,71,153,108,206,5724,3140,14693,8303,25952,14765,30735,17354,23462,13158,11663,6545,5438,2953,1118,571,1099887,0,Durable,Escape,
109,npc_dota_hero_terrorblade,Terrorblade,agi,Melee,Carry,Pusher,Nuker,/apps/dota2/images/heroes/terrorblade_full.png?,/apps/dota2/images/heroes/terrorblade_icon.png,200,,75,0,7,25,26,32,15,22,19,1.7,4.8,1.6,150,900,1.5,315,0.5,true,2,68,152,109,432,4581,2191,10340,4834,15596,7389,17550,8447,13895,6714,7970,3888,4600,2256,1670,792,825942,0,,,
110,npc_dota_hero_phoenix,Phoenix,str,Ranged,Support,Nuker,Initiator,/apps/dota2/images/heroes/phoenix_full.png?,/apps/dota2/images/heroes/phoenix_icon.png,200,1,75,0,-1,25,28,38,23,12,16,3.7,1.3,1.8,525,1100,1.7,280,1,true,2,149,300,110,513,4007,2000,11489,5646,21262,10543,27808,13887,23023,11571,12409,6330,6336,3171,2169,1118,1124721,0,Escape,Disabler,
111,npc_dota_hero_oracle,Oracle,int,Ranged,Support,Nuker,Disabler,/apps/dota2/images/heroes/oracle_full.png?,/apps/dota2/images/heroes/oracle_icon.png,200,,75,0.5,0,25,13,19,20,15,26,2.4,1.7,4,620,900,1.7,295,0.7,true,2,98,221,111,209,2702,1238,7805,3659,15554,7521,20646,10211,17627,8816,10105,5085,5172,2635,1535,783,674569,0,Escape,,
112,npc_dota_hero_winter_wyvern,Winter Wyvern,int,Ranged,Support,Disabler,Nuker,/apps/dota2/images/heroes/winter_wyvern_full.png?,/apps/dota2/images/heroes/winter_wyvern_icon.png,200,,75,0,-1,25,12,19,24,16,26,2.6,1.9,3.6,425,700,1.7,285,0.5,true,2,33,83,112,59,3873,1837,9165,4237,14227,6769,16242,7722,12156,5806,6070,2994,2883,1453,841,394,894744,0,,,
113,npc_dota_hero_arc_warden,Arc Warden,agi,Ranged,Carry,Escape,Nuker,/apps/dota2/images/heroes/arc_warden_full.png?,/apps/dota2/images/heroes/arc_warden_icon.png,200,0.25,75,0,-2,25,31,41,25,15,24,3,2.4,2.6,625,900,1.7,285,0.7,true,2,37,59,113,117,3780,1921,9868,5098,16668,8811,20031,10613,15355,8062,7860,4206,3369,1735,747,404,568023,0,,,
114,npc_dota_hero_monkey_king,Monkey King,agi,Melee,Carry,Escape,Disabler,/apps/dota2/images/heroes/monkey_king_full.png?,/apps/dota2/images/heroes/monkey_king_icon.png,200,1.5,75,0,-2,25,29,35,19,22,20,2.8,3.7,1.8,300,900,1.7,305,0.6,true,2,80,153,114,174,13395,6295,25651,12136,35532,16967,36424,17420,24447,11736,11202,5379,4395,2143,1003,494,1760047,0,Initiator,,
119,npc_dota_hero_dark_willow,Dark Willow,int,Ranged,Support,Nuker,Disabler,/apps/dota2/images/heroes/dark_willow_full.png?,/apps/dota2/images/heroes/dark_willow_icon.png,200,,75,0,-1,25,27,35,20,18,18,2,1.6,3.5,475,1200,1.5,290,0.7,true,2,27,50,119,26,5714,2762,12169,6002,18964,9335,21247,10643,15247,7742,7493,3789,3402,1694,846,458,950668,0,Escape,,
120,npc_dota_hero_pangolier,Pangolier,agi,Melee,Carry,Nuker,Disabler,/apps/dota2/images/heroes/pangolier_full.png?,/apps/dota2/images/heroes/pangolier_icon.png,200,0.25,75,0,1,25,33,39,17,18,16,2.5,3.2,1.9,150,900,1.7,305,1,true,2,48,109,120,64,3749,1722,9517,4324,17685,8290,23520,11354,19599,9486,10572,5073,5137,2461,1408,676,1156969,0,Durable,Escape,Initiator
121,npc_dota_hero_grimstroke,Grimstroke,int,Ranged,Support,Nuker,Disabler,/apps/dota2/images/heroes/grimstroke_full.png?,/apps/dota2/images/heroes/grimstroke_icon.png,200,,75,0,0,25,21,25,21,18,25,2.4,1.9,3.8,550,900,1.7,290,0.6,true,2,73,176,121,96,5671,2628,14188,6551,24490,11519,28489,13381,21183,9874,9952,4579,4038,1832,1001,456,1319587,0,Escape,,
126,npc_dota_hero_void_spirit,Void Spirit,int,Melee,Carry,Escape,Nuker,/apps/dota2/images/heroes/void_spirit_full.png?,/apps/dota2/images/heroes/void_spirit_icon.png,200,,75,0.6,-1,25,32,36,22,19,24,2.6,2.2,3.1,200,900,1.7,295,0.7,true,2,181,357,126,377,5848,2833,13787,6679,24241,12010,30873,15565,25206,12680,13977,7137,7011,3563,2563,1292,1268487,0,Disabler,,
128,npc_dota_hero_snapfire,Snapfire,str,Ranged,Support,Nuker,Disabler,/apps/dota2/images/heroes/snapfire_full.png?,/apps/dota2/images/heroes/snapfire_icon.png,200,,75,0,0,25,26,32,20,16,18,3.3,1.9,2.2,500,1800,1.6,300,0.5,true,2,251,509,128,411,6377,2954,17710,8618,33661,16361,43495,20975,35534,17164,18636,9015,8625,4105,2601,1208,1085206,0,Escape,,
129,npc_dota_hero_mars,Mars,str,Melee,Carry,Initiator,Disabler,/apps/dota2/images/heroes/mars_full.png?,/apps/dota2/images/heroes/mars_icon.png,200,,75,0,-1,25,29,37,23,20,17,3.4,1.9,1.4,250,900,1.8,310,0.8,true,2,238,458,129,416,5890,2750,15373,7585,27763,13652,35804,17750,30614,15058,16826,8333,8567,4256,2774,1351,1150144,0,Durable,,
